base,aa,coef
DA,A,-0.45168555555555556
DA,C,-0.021627888888888853
DA,D,-0.3130466666666667
DA,E,-0.24888733333333335
DA,F,-0.6058355555555556
DA,G,0.3027983333333334
DA,H,-0.5704704444444444
DA,I,0.260175
DA,K,-0.39197133333333334
DA,L,0.3155071111111111
DA,M,-0.1058208888888889
DA,N,0.2252912222222222
DA,P,-0.38386055555555554
DA,Q,0.10829844444444443
DA,R,-0.3990912222222222
DA,S,-0.3053553333333333
DA,T,-0.11442022222222221
DA,V,0.258163
DA,W,-0.18218066666666666
DC,A,-0.03290677777777776
DC,C,0.21578966666666666
DC,D,0.4697652222222222
DC,E,0.24422311111111109
DC,F,0.6556407777777777
DC,G,-0.05272144444444444
DC,H,0.3168787777777778
DC,I,0.12366266666666667
DC,K,0.30493188888888884
DC,L,-0.6204733333333334
DC,M,0.04958699999999997
DC,N,-0.2043988888888889
DC,P,0.06252844444444444
DC,Q,0.4231651111111111
DC,R,0.3741536666666667
DC,S,0.24731544444444442
DC,T,0.3822574444444445
DC,V,-0.04114122222222224
DC,W,-0.134266
DG,A,0.004893444444444444
DG,C,-0.16631488888888887
DG,D,0.22152366666666667
DG,E,0.19120422222222222
DG,F,0.35964244444444443
DG,G,-0.08578566666666666
DG,H,0.21932388888888887
DG,I,-0.40559100000000003
DG,K,-0.009474555555555566
DG,L,-0.053402666666666675
DG,M,0.09652999999999995
DG,N,-0.11285788888888885
DG,P,0.27502044444444446
DG,Q,-0.25013833333333335
DG,R,-0.06404022222222223
DG,S,-0.1966547777777778
DG,T,-0.45763233333333336
DG,V,-0.7457395555555556
DG,W,0.10144544444444444
DT,A,0.47969911111111113
DT,C,-0.0278471111111111
DT,D,-0.37824199999999997
DT,E,-0.18654
DT,F,-0.4094474444444444
DT,G,-0.16429155555555555
DT,H,0.03426766666666667
DT,I,0.021753555555555536
DT,K,0.09651366666666665
DT,L,0.35836877777777776
DT,M,-0.04029611111111109
DT,N,0.09196566666666667
DT,P,0.04631166666666667
DT,Q,-0.2813252222222222
DT,R,0.08897766666666666
DT,S,0.25469466666666674
DT,T,0.1897952222222222
DT,V,0.5287182222222222
DT,W,0.21500122222222226
DA,Y,0.0
DG,Y,0.0
DC,Y,0.0
DT,Y,0.0
