base,aa,coef
DA,A,-0.09421857894736843
DA,C,0.07709478947368419
DA,D,-0.6334708421052632
DA,E,-0.08640447368421052
DA,F,-0.17031100000000005
DA,G,-0.07218684210526317
DA,H,0.096387947368421
DA,I,-0.13882752631578946
DA,K,-0.1983861052631579
DA,L,-0.44677626315789476
DA,M,-0.08692010526315788
DA,N,-0.11726136842105263
DA,P,-0.1287316842105263
DA,Q,-0.2484232631578947
DA,R,-0.10712563157894738
DA,S,-0.2995797894736842
DA,T,-0.07626652631578944
DA,V,0.04543789473684211
DA,W,0.0710896842105263
DC,A,-0.029166421052631588
DC,C,0.0008972105263157854
DC,D,0.08527294736842105
DC,E,0.0006495263157894762
DC,F,-0.12469526315789473
DC,G,0.0825331052631579
DC,H,0.16131105263157897
DC,I,-0.16728221052631576
DC,K,0.13601447368421052
DC,L,-0.060684421052631596
DC,M,0.06299973684210525
DC,N,0.10359942105263159
DC,P,0.09451668421052632
DC,Q,-0.05934778947368422
DC,R,0.023567526315789487
DC,S,-0.07156947368421053
DC,T,-0.06248852631578948
DC,V,-0.0436606842105263
DC,W,-0.19668152631578945
DG,A,0.07486663157894737
DG,C,0.013186947368421053
DG,D,0.5213058947368421
DG,E,0.09333768421052632
DG,F,-0.022199105263157895
DG,G,-0.21646026315789477
DG,H,0.08028273684210527
DG,I,0.19317657894736842
DG,K,0.1594881052631579
DG,L,0.20935431578947372
DG,M,-0.1643501052631579
DG,N,-0.09245531578947368
DG,P,0.13009078947368422
DG,Q,0.18064947368421055
DG,R,0.13564884210526318
DG,S,0.035431789473684215
DG,T,0.007578105263157896
DG,V,0.006463157894736823
DG,W,0.11423452631578945
DT,A,0.04851821052631577
DT,C,-0.09117878947368423
DT,D,0.0268918947368421
DT,E,-0.007582947368421057
DT,F,0.3172052105263158
DT,G,0.20611378947368422
DT,H,-0.3379816842105263
DT,I,0.11293321052631579
DT,K,-0.09711668421052633
DT,L,0.2981064210526316
DT,M,0.18827036842105263
DT,N,0.10611710526315787
DT,P,-0.09587584210526316
DT,Q,0.12712152631578946
DT,R,-0.0520905263157895
DT,S,0.3357174736842105
DT,T,0.1311767894736842
DT,V,-0.008240473684210539
DT,W,0.011357263157894747
DA,Y,0.0
DG,Y,0.0
DC,Y,0.0
DT,Y,0.0
